"Aruba,""ABW"",""Mammal species, threatened"",""EN.MAM.THRD.NO"","""","""","""","""","""","""","""","""","""","""","""","""","""","""","""","""","""","""","""","""","""","""","""","""","""","""","""","""","""","""","""","""","""","""","""","""","""","""","""","""","""","""","""","""","""","""","""","""","""","""","""","""","""","""","""",""2"","
"Andorra,""AND"",""Mammal species, threatened"",""EN.MAM.THRD.NO"","""","""","""","""","""","""","""","""","""","""","""","""","""","""","""","""","""","""","""","""","""","""","""","""","""","""","""","""","""","""","""","""","""","""","""","""","""","""","""","""","""","""","""","""","""","""","""","""","""","""","""","""","""","""","""",""2"","
"Afghanistan,""AFG"",""Mammal species, threatened"",""EN.MAM.THRD.NO"","""","""","""","""","""","""","""","""","""","""","""","""","""","""","""","""","""","""","""","""","""","""","""","""","""","""","""","""","""","""","""","""","""","""","""","""","""","""","""","""","""","""","""","""","""","""","""","""","""","""","""","""","""","""","""",""10"","
"Angola,""AGO"",""Mammal species, threatened"",""EN.MAM.THRD.NO"","""","""","""","""","""","""","""","""","""","""","""","""","""","""","""","""","""","""","""","""","""","""","""","""","""","""","""","""","""","""","""","""","""","""","""","""","""","""","""","""","""","""","""","""","""","""","""","""","""","""","""","""","""","""","""",""17"","
"Albania,""ALB"",""Mammal species, threatened"",""EN.MAM.THRD.NO"","""","""","""","""","""","""","""","""","""","""","""","""","""","""","""","""","""","""","""","""","""","""","""","""","""","""","""","""","""","""","""","""","""","""","""","""","""","""","""","""","""","""","""","""","""","""","""","""","""","""","""","""","""","""","""",""3"","
"Arab World,""ARB"",""Mammal species, threatened"",""EN.MAM.THRD.NO"","""","""","""","""","""","""","""","""","""","""","""","""","""","""","""","""","""","""","""","""","""","""","""","""","""","""","""","""","""","""","""","""","""","""","""","""","""","""","""","""","""","""","""","""","""","""","""","""","""","""","""","""","""","""","""",""217"","
"United Arab Emirates,""ARE"",""Mammal species, threatened"",""EN.MAM.THRD.NO"","""","""","""","""","""","""","""","""","""","""","""","""","""","""","""","""","""","""","""","""","""","""","""","""","""","""","""","""","""","""","""","""","""","""","""","""","""","""","""","""","""","""","""","""","""","""","""","""","""","""","""","""","""","""","""",""7"","
"Argentina,""ARG"",""Mammal species, threatened"",""EN.MAM.THRD.NO"","""","""","""","""","""","""","""","""","""","""","""","""","""","""","""","""","""","""","""","""","""","""","""","""","""","""","""","""","""","""","""","""","""","""","""","""","""","""","""","""","""","""","""","""","""","""","""","""","""","""","""","""","""","""","""",""40"","
"Armenia,""ARM"",""Mammal species, threatened"",""EN.MAM.THRD.NO"","""","""","""","""","""","""","""","""","""","""","""","""","""","""","""","""","""","""","""","""","""","""","""","""","""","""","""","""","""","""","""","""","""","""","""","""","""","""","""","""","""","""","""","""","""","""","""","""","""","""","""","""","""","""","""",""8"","
"American Samoa,""ASM"",""Mammal species, threatened"",""EN.MAM.THRD.NO"","""","""","""","""","""","""","""","""","""","""","""","""","""","""","""","""","""","""","""","""","""","""","""","""","""","""","""","""","""","""","""","""","""","""","""","""","""","""","""","""","""","""","""","""","""","""","""","""","""","""","""","""","""","""","""",""1"","
"Antigua and Barbuda,""ATG"",""Mammal species, threatened"",""EN.MAM.THRD.NO"","""","""","""","""","""","""","""","""","""","""","""","""","""","""","""","""","""","""","""","""","""","""","""","""","""","""","""","""","""","""","""","""","""","""","""","""","""","""","""","""","""","""","""","""","""","""","""","""","""","""","""","""","""","""","""",""2"","
"Australia,""AUS"",""Mammal species, threatened"",""EN.MAM.THRD.NO"","""","""","""","""","""","""","""","""","""","""","""","""","""","""","""","""","""","""","""","""","""","""","""","""","""","""","""","""","""","""","""","""","""","""","""","""","""","""","""","""","""","""","""","""","""","""","""","""","""","""","""","""","""","""","""",""56"","
"Austria,""AUT"",""Mammal species, threatened"",""EN.MAM.THRD.NO"","""","""","""","""","""","""","""","""","""","""","""","""","""","""","""","""","""","""","""","""","""","""","""","""","""","""","""","""","""","""","""","""","""","""","""","""","""","""","""","""","""","""","""","""","""","""","""","""","""","""","""","""","""","""","""",""3"","
"Azerbaijan,""AZE"",""Mammal species, threatened"",""EN.MAM.THRD.NO"","""","""","""","""","""","""","""","""","""","""","""","""","""","""","""","""","""","""","""","""","""","""","""","""","""","""","""","""","""","""","""","""","""","""","""","""","""","""","""","""","""","""","""","""","""","""","""","""","""","""","""","""","""","""","""",""6"","
"Burundi,""BDI"",""Mammal species, threatened"",""EN.MAM.THRD.NO"","""","""","""","""","""","""","""","""","""","""","""","""","""","""","""","""","""","""","""","""","""","""","""","""","""","""","""","""","""","""","""","""","""","""","""","""","""","""","""","""","""","""","""","""","""","""","""","""","""","""","""","""","""","""","""",""12"","
"Belgium,""BEL"",""Mammal species, threatened"",""EN.MAM.THRD.NO"","""","""","""","""","""","""","""","""","""","""","""","""","""","""","""","""","""","""","""","""","""","""","""","""","""","""","""","""","""","""","""","""","""","""","""","""","""","""","""","""","""","""","""","""","""","""","""","""","""","""","""","""","""","""","""",""2"","
"Benin,""BEN"",""Mammal species, threatened"",""EN.MAM.THRD.NO"","""","""","""","""","""","""","""","""","""","""","""","""","""","""","""","""","""","""","""","""","""","""","""","""","""","""","""","""","""","""","""","""","""","""","""","""","""","""","""","""","""","""","""","""","""","""","""","""","""","""","""","""","""","""","""",""12"","
"Burkina Faso,""BFA"",""Mammal species, threatened"",""EN.MAM.THRD.NO"","""","""","""","""","""","""","""","""","""","""","""","""","""","""","""","""","""","""","""","""","""","""","""","""","""","""","""","""","""","""","""","""","""","""","""","""","""","""","""","""","""","""","""","""","""","""","""","""","""","""","""","""","""","""","""",""9"","
"Bangladesh,""BGD"",""Mammal species, threatened"",""EN.MAM.THRD.NO"","""","""","""","""","""","""","""","""","""","""","""","""","""","""","""","""","""","""","""","""","""","""","""","""","""","""","""","""","""","""","""","""","""","""","""","""","""","""","""","""","""","""","""","""","""","""","""","""","""","""","""","""","""","""","""",""33"","
"Bulgaria,""BGR"",""Mammal species, threatened"",""EN.MAM.THRD.NO"","""","""","""","""","""","""","""","""","""","""","""","""","""","""","""","""","""","""","""","""","""","""","""","""","""","""","""","""","""","""","""","""","""","""","""","""","""","""","""","""","""","""","""","""","""","""","""","""","""","""","""","""","""","""","""",""7"","
"Bahrain,""BHR"",""Mammal species, threatened"",""EN.MAM.THRD.NO"","""","""","""","""","""","""","""","""","""","""","""","""","""","""","""","""","""","""","""","""","""","""","""","""","""","""","""","""","""","""","""","""","""","""","""","""","""","""","""","""","""","""","""","""","""","""","""","""","""","""","""","""","""","""","""",""3"","
"Bahamas, The,""BHS"",""Mammal species, threatened"",""EN.MAM.THRD.NO"","""","""","""","""","""","""","""","""","""","""","""","""","""","""","""","""","""","""","""","""","""","""","""","""","""","""","""","""","""","""","""","""","""","""","""","""","""","""","""","""","""","""","""","""","""","""","""","""","""","""","""","""","""","""","""",""6"","
"Bosnia and Herzegovina,""BIH"",""Mammal species, threatened"",""EN.MAM.THRD.NO"","""","""","""","""","""","""","""","""","""","""","""","""","""","""","""","""","""","""","""","""","""","""","""","""","""","""","""","""","""","""","""","""","""","""","""","""","""","""","""","""","""","""","""","""","""","""","""","""","""","""","""","""","""","""","""",""4"","
"Belarus,""BLR"",""Mammal species, threatened"",""EN.MAM.THRD.NO"","""","""","""","""","""","""","""","""","""","""","""","""","""","""","""","""","""","""","""","""","""","""","""","""","""","""","""","""","""","""","""","""","""","""","""","""","""","""","""","""","""","""","""","""","""","""","""","""","""","""","""","""","""","""","""",""3"","
"Belize,""BLZ"",""Mammal species, threatened"",""EN.MAM.THRD.NO"","""","""","""","""","""","""","""","""","""","""","""","""","""","""","""","""","""","""","""","""","""","""","""","""","""","""","""","""","""","""","""","""","""","""","""","""","""","""","""","""","""","""","""","""","""","""","""","""","""","""","""","""","""","""","""",""9"","
"Bermuda,""BMU"",""Mammal species, threatened"",""EN.MAM.THRD.NO"","""","""","""","""","""","""","""","""","""","""","""","""","""","""","""","""","""","""","""","""","""","""","""","""","""","""","""","""","""","""","""","""","""","""","""","""","""","""","""","""","""","""","""","""","""","""","""","""","""","""","""","""","""","""","""",""4"","
"Bolivia,""BOL"",""Mammal species, threatened"",""EN.MAM.THRD.NO"","""","""","""","""","""","""","""","""","""","""","""","""","""","""","""","""","""","""","""","""","""","""","""","""","""","""","""","""","""","""","""","""","""","""","""","""","""","""","""","""","""","""","""","""","""","""","""","""","""","""","""","""","""","""","""",""21"","
"Brazil,""BRA"",""Mammal species, threatened"",""EN.MAM.THRD.NO"","""","""","""","""","""","""","""","""","""","""","""","""","""","""","""","""","""","""","""","""","""","""","""","""","""","""","""","""","""","""","""","""","""","""","""","""","""","""","""","""","""","""","""","""","""","""","""","""","""","""","""","""","""","""","""",""82"","
"Barbados,""BRB"",""Mammal species, threatened"",""EN.MAM.THRD.NO"","""","""","""","""","""","""","""","""","""","""","""","""","""","""","""","""","""","""","""","""","""","""","""","""","""","""","""","""","""","""","""","""","""","""","""","""","""","""","""","""","""","""","""","""","""","""","""","""","""","""","""","""","""","""","""",""3"","
"Brunei Darussalam,""BRN"",""Mammal species, threatened"",""EN.MAM.THRD.NO"","""","""","""","""","""","""","""","""","""","""","""","""","""","""","""","""","""","""","""","""","""","""","""","""","""","""","""","""","""","""","""","""","""","""","""","""","""","""","""","""","""","""","""","""","""","""","""","""","""","""","""","""","""","""","""",""34"","
"Bhutan,""BTN"",""Mammal species, threatened"",""EN.MAM.THRD.NO"","""","""","""","""","""","""","""","""","""","""","""","""","""","""","""","""","""","""","""","""","""","""","""","""","""","""","""","""","""","""","""","""","""","""","""","""","""","""","""","""","""","""","""","""","""","""","""","""","""","""","""","""","""","""","""",""26"","
"Botswana,""BWA"",""Mammal species, threatened"",""EN.MAM.THRD.NO"","""","""","""","""","""","""","""","""","""","""","""","""","""","""","""","""","""","""","""","""","""","""","""","""","""","""","""","""","""","""","""","""","""","""","""","""","""","""","""","""","""","""","""","""","""","""","""","""","""","""","""","""","""","""","""",""8"","
"Central African Republic,""CAF"",""Mammal species, threatened"",""EN.MAM.THRD.NO"","""","""","""","""","""","""","""","""","""","""","""","""","""","""","""","""","""","""","""","""","""","""","""","""","""","""","""","""","""","""","""","""","""","""","""","""","""","""","""","""","""","""","""","""","""","""","""","""","""","""","""","""","""","""","""",""13"","
"Canada,""CAN"",""Mammal species, threatened"",""EN.MAM.THRD.NO"","""","""","""","""","""","""","""","""","""","""","""","""","""","""","""","""","""","""","""","""","""","""","""","""","""","""","""","""","""","""","""","""","""","""","""","""","""","""","""","""","""","""","""","""","""","""","""","""","""","""","""","""","""","""","""",""11"","
"Central Europe and the Baltics,""CEB"",""Mammal species, threatened"",""EN.MAM.THRD.NO"","""","""","""","""","""","""","""","""","""","""","""","""","""","""","""","""","""","""","""","""","""","""","""","""","""","""","""","""","""","""","""","""","""","""","""","""","""","""","""","""","""","""","""","""","""","""","""","""","""","""","""","""","""","""","""",""42"","
"Switzerland,""CHE"",""Mammal species, threatened"",""EN.MAM.THRD.NO"","""","""","""","""","""","""","""","""","""","""","""","""","""","""","""","""","""","""","""","""","""","""","""","""","""","""","""","""","""","""","""","""","""","""","""","""","""","""","""","""","""","""","""","""","""","""","""","""","""","""","""","""","""","""","""",""2"","
"Channel Islands,""CHI"",""Mammal species, threatened"",""EN.MAM.THRD.NO"","""","""","""","""","""","""","""","""","""","""","""","""","""","""","""","""","""","""","""","""","""","""","""","""","""","""","""","""","""","""","""","""","""","""","""","""","""","""","""","""","""","""","""","""","""","""","""","""","""","""","""","""","""","""","""","""","
"Chile,""CHL"",""Mammal species, threatened"",""EN.MAM.THRD.NO"","""","""","""","""","""","""","""","""","""","""","""","""","""","""","""","""","""","""","""","""","""","""","""","""","""","""","""","""","""","""","""","""","""","""","""","""","""","""","""","""","""","""","""","""","""","""","""","""","""","""","""","""","""","""","""",""20"","
"China,""CHN"",""Mammal species, threatened"",""EN.MAM.THRD.NO"","""","""","""","""","""","""","""","""","""","""","""","""","""","""","""","""","""","""","""","""","""","""","""","""","""","""","""","""","""","""","""","""","""","""","""","""","""","""","""","""","""","""","""","""","""","""","""","""","""","""","""","""","""","""","""",""74"","
"Cote d'Ivoire,""CIV"",""Mammal species, threatened"",""EN.MAM.THRD.NO"","""","""","""","""","""","""","""","""","""","""","""","""","""","""","""","""","""","""","""","""","""","""","""","""","""","""","""","""","""","""","""","""","""","""","""","""","""","""","""","""","""","""","""","""","""","""","""","""","""","""","""","""","""","""","""",""29"","
"Cameroon,""CMR"",""Mammal species, threatened"",""EN.MAM.THRD.NO"","""","""","""","""","""","""","""","""","""","""","""","""","""","""","""","""","""","""","""","""","""","""","""","""","""","""","""","""","""","""","""","""","""","""","""","""","""","""","""","""","""","""","""","""","""","""","""","""","""","""","""","""","""","""","""",""43"","
"Congo, Rep.,""COG"",""Mammal species, threatened"",""EN.MAM.THRD.NO"","""","""","""","""","""","""","""","""","""","""","""","""","""","""","""","""","""","""","""","""","""","""","""","""","""","""","""","""","""","""","""","""","""","""","""","""","""","""","""","""","""","""","""","""","""","""","""","""","""","""","""","""","""","""","""",""16"","
"Colombia,""COL"",""Mammal species, threatened"",""EN.MAM.THRD.NO"","""","""","""","""","""","""","""","""","""","""","""","""","""","""","""","""","""","""","""","""","""","""","""","""","""","""","""","""","""","""","""","""","""","""","""","""","""","""","""","""","""","""","""","""","""","""","""","""","""","""","""","""","""","""","""",""56"","
"Comoros,""COM"",""Mammal species, threatened"",""EN.MAM.THRD.NO"","""","""","""","""","""","""","""","""","""","""","""","""","""","""","""","""","""","""","""","""","""","""","""","""","""","""","""","""","""","""","""","""","""","""","""","""","""","""","""","""","""","""","""","""","""","""","""","""","""","""","""","""","""","""","""",""5"","
"Cabo Verde,""CPV"",""Mammal species, threatened"",""EN.MAM.THRD.NO"","""","""","""","""","""","""","""","""","""","""","""","""","""","""","""","""","""","""","""","""","""","""","""","""","""","""","""","""","""","""","""","""","""","""","""","""","""","""","""","""","""","""","""","""","""","""","""","""","""","""","""","""","""","""","""",""4"","
"Costa Rica,""CRI"",""Mammal species, threatened"",""EN.MAM.THRD.NO"","""","""","""","""","""","""","""","""","""","""","""","""","""","""","""","""","""","""","""","""","""","""","""","""","""","""","""","""","""","""","""","""","""","""","""","""","""","""","""","""","""","""","""","""","""","""","""","""","""","""","""","""","""","""","""",""10"","
"Caribbean small states,""CSS"",""Mammal species, threatened"",""EN.MAM.THRD.NO"","""","""","""","""","""","""","""","""","""","""","""","""","""","""","""","""","""","""","""","""","""","""","""","""","""","""","""","""","""","""","""","""","""","""","""","""","""","""","""","""","""","""","""","""","""","""","""","""","""","""","""","""","""","""","""",""60"","
"Cuba,""CUB"",""Mammal species, threatened"",""EN.MAM.THRD.NO"","""","""","""","""","""","""","""","""","""","""","""","""","""","""","""","""","""","""","""","""","""","""","""","""","""","""","""","""","""","""","""","""","""","""","""","""","""","""","""","""","""","""","""","""","""","""","""","""","""","""","""","""","""","""","""",""12"","
"Curacao,""CUW"",""Mammal species, threatened"",""EN.MAM.THRD.NO"","""","""","""","""","""","""","""","""","""","""","""","""","""","""","""","""","""","""","""","""","""","""","""","""","""","""","""","""","""","""","""","""","""","""","""","""","""","""","""","""","""","""","""","""","""","""","""","""","""","""","""","""","""","""","""",""3"","
"Cayman Islands,""CYM"",""Mammal species, threatened"",""EN.MAM.THRD.NO"","""","""","""","""","""","""","""","""","""","""","""","""","""","""","""","""","""","""","""","""","""","""","""","""","""","""","""","""","""","""","""","""","""","""","""","""","""","""","""","""","""","""","""","""","""","""","""","""","""","""","""","""","""","""","""",""1"","
"Cyprus,""CYP"",""Mammal species, threatened"",""EN.MAM.THRD.NO"","""","""","""","""","""","""","""","""","""","""","""","""","""","""","""","""","""","""","""","""","""","""","""","""","""","""","""","""","""","""","""","""","""","""","""","""","""","""","""","""","""","""","""","""","""","""","""","""","""","""","""","""","""","""","""",""5"","
"Czech Republic,""CZE"",""Mammal species, threatened"",""EN.MAM.THRD.NO"","""","""","""","""","""","""","""","""","""","""","""","""","""","""","""","""","""","""","""","""","""","""","""","""","""","""","""","""","""","""","""","""","""","""","""","""","""","""","""","""","""","""","""","""","""","""","""","""","""","""","""","""","""","""","""",""2"","
"Germany,""DEU"",""Mammal species, threatened"",""EN.MAM.THRD.NO"","""","""","""","""","""","""","""","""","""","""","""","""","""","""","""","""","""","""","""","""","""","""","""","""","""","""","""","""","""","""","""","""","""","""","""","""","""","""","""","""","""","""","""","""","""","""","""","""","""","""","""","""","""","""","""",""4"","
"Djibouti,""DJI"",""Mammal species, threatened"",""EN.MAM.THRD.NO"","""","""","""","""","""","""","""","""","""","""","""","""","""","""","""","""","""","""","""","""","""","""","""","""","""","""","""","""","""","""","""","""","""","""","""","""","""","""","""","""","""","""","""","""","""","""","""","""","""","""","""","""","""","""","""",""6"","
"Dominica,""DMA"",""Mammal species, threatened"",""EN.MAM.THRD.NO"","""","""","""","""","""","""","""","""","""","""","""","""","""","""","""","""","""","""","""","""","""","""","""","""","""","""","""","""","""","""","""","""","""","""","""","""","""","""","""","""","""","""","""","""","""","""","""","""","""","""","""","""","""","""","""",""3"","
"Denmark,""DNK"",""Mammal species, threatened"",""EN.MAM.THRD.NO"","""","""","""","""","""","""","""","""","""","""","""","""","""","""","""","""","""","""","""","""","""","""","""","""","""","""","""","""","""","""","""","""","""","""","""","""","""","""","""","""","""","""","""","""","""","""","""","""","""","""","""","""","""","""","""",""2"","
"Dominican Republic,""DOM"",""Mammal species, threatened"",""EN.MAM.THRD.NO"","""","""","""","""","""","""","""","""","""","""","""","""","""","""","""","""","""","""","""","""","""","""","""","""","""","""","""","""","""","""","""","""","""","""","""","""","""","""","""","""","""","""","""","""","""","""","""","""","""","""","""","""","""","""","""",""6"","
"Algeria,""DZA"",""Mammal species, threatened"",""EN.MAM.THRD.NO"","""","""","""","""","""","""","""","""","""","""","""","""","""","""","""","""","""","""","""","""","""","""","""","""","""","""","""","""","""","""","""","""","""","""","""","""","""","""","""","""","""","""","""","""","""","""","""","""","""","""","""","""","""","""","""",""13"","
"East Asia & Pacific (developing only),""EAP"",""Mammal species, threatened"",""EN.MAM.THRD.NO"","""","""","""","""","""","""","""","""","""","""","""","""","""","""","""","""","""","""","""","""","""","""","""","""","""","""","""","""","""","""","""","""","""","""","""","""","""","""","""","""","""","""","""","""","""","""","""","""","""","""","""","""","""","""","""",""716"","
"East Asia & Pacific (all income levels),""EAS"",""Mammal species, threatened"",""EN.MAM.THRD.NO"","""","""","""","""","""","""","""","""","""","""","""","""","""","""","""","""","""","""","""","""","""","""","""","""","""","""","""","""","""","""","""","""","""","""","""","""","""","""","""","""","""","""","""","""","""","""","""","""","""","""","""","""","""","""","""",""891"","
"Europe & Central Asia (developing only),""ECA"",""Mammal species, threatened"",""EN.MAM.THRD.NO"","""","""","""","""","""","""","""","""","""","""","""","""","""","""","""","""","""","""","""","""","""","""","""","""","""","""","""","""","""","""","""","""","""","""","""","""","""","""","""","""","""","""","""","""","""","""","""","""","""","""","""","""","""","""","""",""135"","
"Europe & Central Asia (all income levels),""ECS"",""Mammal species, threatened"",""EN.MAM.THRD.NO"","""","""","""","""","""","""","""","""","""","""","""","""","""","""","""","""","""","""","""","""","""","""","""","""","""","""","""","""","""","""","""","""","""","""","""","""","""","""","""","""","""","""","""","""","""","""","""","""","""","""","""","""","""","""","""",""307"","
"Ecuador,""ECU"",""Mammal species, threatened"",""EN.MAM.THRD.NO"","""","""","""","""","""","""","""","""","""","""","""","""","""","""","""","""","""","""","""","""","""","""","""","""","""","""","""","""","""","""","""","""","""","""","""","""","""","""","""","""","""","""","""","""","""","""","""","""","""","""","""","""","""","""","""",""46"","
"Egypt, Arab Rep.,""EGY"",""Mammal species, threatened"",""EN.MAM.THRD.NO"","""","""","""","""","""","""","""","""","""","""","""","""","""","""","""","""","""","""","""","""","""","""","""","""","""","""","""","""","""","""","""","""","""","""","""","""","""","""","""","""","""","""","""","""","""","""","""","""","""","""","""","""","""","""","""",""17"","
"Euro area,""EMU"",""Mammal species, threatened"",""EN.MAM.THRD.NO"","""","""","""","""","""","""","""","""","""","""","""","""","""","""","""","""","""","""","""","""","""","""","""","""","""","""","""","""","""","""","""","""","""","""","""","""","""","""","""","""","""","""","""","""","""","""","""","""","""","""","""","""","""","""","""",""90"","
"Eritrea,""ERI"",""Mammal species, threatened"",""EN.MAM.THRD.NO"","""","""","""","""","""","""","""","""","""","""","""","""","""","""","""","""","""","""","""","""","""","""","""","""","""","""","""","""","""","""","""","""","""","""","""","""","""","""","""","""","""","""","""","""","""","""","""","""","""","""","""","""","""","""","""",""10"","
"Spain,""ESP"",""Mammal species, threatened"",""EN.MAM.THRD.NO"","""","""","""","""","""","""","""","""","""","""","""","""","""","""","""","""","""","""","""","""","""","""","""","""","""","""","""","""","""","""","""","""","""","""","""","""","""","""","""","""","""","""","""","""","""","""","""","""","""","""","""","""","""","""","""",""16"","
"Estonia,""EST"",""Mammal species, threatened"",""EN.MAM.THRD.NO"","""","""","""","""","""","""","""","""","""","""","""","""","""","""","""","""","""","""","""","""","""","""","""","""","""","""","""","""","""","""","""","""","""","""","""","""","""","""","""","""","""","""","""","""","""","""","""","""","""","""","""","""","""","""","""",""1"","
"Ethiopia,""ETH"",""Mammal species, threatened"",""EN.MAM.THRD.NO"","""","""","""","""","""","""","""","""","""","""","""","""","""","""","""","""","""","""","""","""","""","""","""","""","""","""","""","""","""","""","""","""","""","""","""","""","""","""","""","""","""","""","""","""","""","""","""","""","""","""","""","""","""","""","""",""33"","
"European Union,""EUU"",""Mammal species, threatened"",""EN.MAM.THRD.NO"","""","""","""","""","""","""","""","""","""","""","""","""","""","""","""","""","""","""","""","""","""","""","""","""","""","""","""","""","""","""","""","""","""","""","""","""","""","""","""","""","""","""","""","""","""","""","""","""","""","""","""","""","""","""","""",""128"","
"Fragile and conflict affected situations,""FCS"",""Mammal species, threatened"",""EN.MAM.THRD.NO"","""","""","""","""","""","""","""","""","""","""","""","""","""","""","""","""","""","""","""","""","""","""","""","""","""","""","""","""","""","""","""","""","""","""","""","""","""","""","""","""","""","""","""","""","""","""","""","""","""","""","""","""","""","""","""",""530"","
"Finland,""FIN"",""Mammal species, threatened"",""EN.MAM.THRD.NO"","""","""","""","""","""","""","""","""","""","""","""","""","""","""","""","""","""","""","""","""","""","""","""","""","""","""","""","""","""","""","""","""","""","""","""","""","""","""","""","""","""","""","""","""","""","""","""","""","""","""","""","""","""","""","""",""1"","
"Fiji,""FJI"",""Mammal species, threatened"",""EN.MAM.THRD.NO"","""","""","""","""","""","""","""","""","""","""","""","""","""","""","""","""","""","""","""","""","""","""","""","""","""","""","""","""","""","""","""","""","""","""","""","""","""","""","""","""","""","""","""","""","""","""","""","""","""","""","""","""","""","""","""",""6"","
"France,""FRA"",""Mammal species, threatened"",""EN.MAM.THRD.NO"","""","""","""","""","""","""","""","""","""","""","""","""","""","""","""","""","""","""","""","""","""","""","""","""","""","""","""","""","""","""","""","""","""","""","""","""","""","""","""","""","""","""","""","""","""","""","""","""","""","""","""","""","""","""","""",""8"","
"Faeroe Islands,""FRO"",""Mammal species, threatened"",""EN.MAM.THRD.NO"","""","""","""","""","""","""","""","""","""","""","""","""","""","""","""","""","""","""","""","""","""","""","""","""","""","""","""","""","""","""","""","""","""","""","""","""","""","""","""","""","""","""","""","""","""","""","""","""","""","""","""","""","""","""","""",""4"","
"Micronesia, Fed. Sts.,""FSM"",""Mammal species, threatened"",""EN.MAM.THRD.NO"","""","""","""","""","""","""","""","""","""","""","""","""","""","""","""","""","""","""","""","""","""","""","""","""","""","""","""","""","""","""","""","""","""","""","""","""","""","""","""","""","""","""","""","""","""","""","""","""","""","""","""","""","""","""","""",""5"","
"Gabon,""GAB"",""Mammal species, threatened"",""EN.MAM.THRD.NO"","""","""","""","""","""","""","""","""","""","""","""","""","""","""","""","""","""","""","""","""","""","""","""","""","""","""","""","""","""","""","""","""","""","""","""","""","""","""","""","""","""","""","""","""","""","""","""","""","""","""","""","""","""","""","""",""19"","
"United Kingdom,""GBR"",""Mammal species, threatened"",""EN.MAM.THRD.NO"","""","""","""","""","""","""","""","""","""","""","""","""","""","""","""","""","""","""","""","""","""","""","""","""","""","""","""","""","""","""","""","""","""","""","""","""","""","""","""","""","""","""","""","""","""","""","""","""","""","""","""","""","""","""","""",""5"","
"Georgia,""GEO"",""Mammal species, threatened"",""EN.MAM.THRD.NO"","""","""","""","""","""","""","""","""","""","""","""","""","""","""","""","""","""","""","""","""","""","""","""","""","""","""","""","""","""","""","""","""","""","""","""","""","""","""","""","""","""","""","""","""","""","""","""","""","""","""","""","""","""","""","""",""8"","
"Ghana,""GHA"",""Mammal species, threatened"",""EN.MAM.THRD.NO"","""","""","""","""","""","""","""","""","""","""","""","""","""","""","""","""","""","""","""","""","""","""","""","""","""","""","""","""","""","""","""","""","""","""","""","""","""","""","""","""","""","""","""","""","""","""","""","""","""","""","""","""","""","""","""",""20"","
"Guinea,""GIN"",""Mammal species, threatened"",""EN.MAM.THRD.NO"","""","""","""","""","""","""","""","""","""","""","""","""","""","""","""","""","""","""","""","""","""","""","""","""","""","""","""","""","""","""","""","""","""","""","""","""","""","""","""","""","""","""","""","""","""","""","""","""","""","""","""","""","""","""","""",""25"","
"Gambia, The,""GMB"",""Mammal species, threatened"",""EN.MAM.THRD.NO"","""","""","""","""","""","""","""","""","""","""","""","""","""","""","""","""","""","""","""","""","""","""","""","""","""","""","""","""","""","""","""","""","""","""","""","""","""","""","""","""","""","""","""","""","""","""","""","""","""","""","""","""","""","""","""",""9"","
"Guinea-Bissau,""GNB"",""Mammal species, threatened"",""EN.MAM.THRD.NO"","""","""","""","""","""","""","""","""","""","""","""","""","""","""","""","""","""","""","""","""","""","""","""","""","""","""","""","""","""","""","""","""","""","""","""","""","""","""","""","""","""","""","""","""","""","""","""","""","""","""","""","""","""","""","""",""14"","
"Equatorial Guinea,""GNQ"",""Mammal species, threatened"",""EN.MAM.THRD.NO"","""","""","""","""","""","""","""","""","""","""","""","""","""","""","""","""","""","""","""","""","""","""","""","""","""","""","""","""","""","""","""","""","""","""","""","""","""","""","""","""","""","""","""","""","""","""","""","""","""","""","""","""","""","""","""",""23"","
"Greece,""GRC"",""Mammal species, threatened"",""EN.MAM.THRD.NO"","""","""","""","""","""","""","""","""","""","""","""","""","""","""","""","""","""","""","""","""","""","""","""","""","""","""","""","""","""","""","""","""","""","""","""","""","""","""","""","""","""","""","""","""","""","""","""","""","""","""","""","""","""","""","""",""10"","
"Grenada,""GRD"",""Mammal species, threatened"",""EN.MAM.THRD.NO"","""","""","""","""","""","""","""","""","""","""","""","""","""","""","""","""","""","""","""","""","""","""","""","""","""","""","""","""","""","""","""","""","""","""","""","""","""","""","""","""","""","""","""","""","""","""","""","""","""","""","""","""","""","""","""",""3"","
"Greenland,""GRL"",""Mammal species, threatened"",""EN.MAM.THRD.NO"","""","""","""","""","""","""","""","""","""","""","""","""","""","""","""","""","""","""","""","""","""","""","""","""","""","""","""","""","""","""","""","""","""","""","""","""","""","""","""","""","""","""","""","""","""","""","""","""","""","""","""","""","""","""","""",""7"","
"Guatemala,""GTM"",""Mammal species, threatened"",""EN.MAM.THRD.NO"","""","""","""","""","""","""","""","""","""","""","""","""","""","""","""","""","""","""","""","""","""","""","""","""","""","""","""","""","""","""","""","""","""","""","""","""","""","""","""","""","""","""","""","""","""","""","""","""","""","""","""","""","""","""","""",""17"","
"Guam,""GUM"",""Mammal species, threatened"",""EN.MAM.THRD.NO"","""","""","""","""","""","""","""","""","""","""","""","""","""","""","""","""","""","""","""","""","""","""","""","""","""","""","""","""","""","""","""","""","""","""","""","""","""","""","""","""","""","""","""","""","""","""","""","""","""","""","""","""","""","""","""",""2"","
"Guyana,""GUY"",""Mammal species, threatened"",""EN.MAM.THRD.NO"","""","""","""","""","""","""","""","""","""","""","""","""","""","""","""","""","""","""","""","""","""","""","""","""","""","""","""","""","""","""","""","""","""","""","""","""","""","""","""","""","""","""","""","""","""","""","""","""","""","""","""","""","""","""","""",""11"","
"High income,""HIC"",""Mammal species, threatened"",""EN.MAM.THRD.NO"","""","""","""","""","""","""","""","""","""","""","""","""","""","""","""","""","""","""","""","""","""","""","""","""","""","""","""","""","""","""","""","""","""","""","""","""","""","""","""","""","""","""","""","""","""","""","""","""","""","""","""","""","""","""","""",""613"","
"Hong Kong SAR, China,""HKG"",""Mammal species, threatened"",""EN.MAM.THRD.NO"","""","""","""","""","""","""","""","""","""","""","""","""","""","""","""","""","""","""","""","""","""","""","""","""","""","""","""","""","""","""","""","""","""","""","""","""","""","""","""","""","""","""","""","""","""","""","""","""","""","""","""","""","""","""","""",""2"","
"Honduras,""HND"",""Mammal species, threatened"",""EN.MAM.THRD.NO"","""","""","""","""","""","""","""","""","""","""","""","""","""","""","""","""","""","""","""","""","""","""","""","""","""","""","""","""","""","""","""","""","""","""","""","""","""","""","""","""","""","""","""","""","""","""","""","""","""","""","""","""","""","""","""",""8"","
"Heavily indebted poor countries (HIPC),""HPC"",""Mammal species, threatened"",""EN.MAM.THRD.NO"","""","""","""","""","""","""","""","""","""","""","""","""","""","""","""","""","""","""","""","""","""","""","""","""","""","""","""","""","""","""","""","""","""","""","""","""","""","""","""","""","""","""","""","""","""","""","""","""","""","""","""","""","""","""","""",""744"","
"Croatia,""HRV"",""Mammal species, threatened"",""EN.MAM.THRD.NO"","""","""","""","""","""","""","""","""","""","""","""","""","""","""","""","""","""","""","""","""","""","""","""","""","""","""","""","""","""","""","""","""","""","""","""","""","""","""","""","""","""","""","""","""","""","""","""","""","""","""","""","""","""","""","""",""8"","
"Haiti,""HTI"",""Mammal species, threatened"",""EN.MAM.THRD.NO"","""","""","""","""","""","""","""","""","""","""","""","""","""","""","""","""","""","""","""","""","""","""","""","""","""","""","""","""","""","""","""","""","""","""","""","""","""","""","""","""","""","""","""","""","""","""","""","""","""","""","""","""","""","""","""",""5"","
"Hungary,""HUN"",""Mammal species, threatened"",""EN.MAM.THRD.NO"","""","""","""","""","""","""","""","""","""","""","""","""","""","""","""","""","""","""","""","""","""","""","""","""","""","""","""","""","""","""","""","""","""","""","""","""","""","""","""","""","""","""","""","""","""","""","""","""","""","""","""","""","""","""","""",""2"","
"Indonesia,""IDN"",""Mammal species, threatened"",""EN.MAM.THRD.NO"","""","""","""","""","""","""","""","""","""","""","""","""","""","""","""","""","""","""","""","""","""","""","""","""","""","""","""","""","""","""","""","""","""","""","""","""","""","""","""","""","""","""","""","""","""","""","""","""","""","""","""","""","""","""","""",""185"","
"Isle of Man,""IMN"",""Mammal species, threatened"",""EN.MAM.THRD.NO"","""","""","""","""","""","""","""","""","""","""","""","""","""","""","""","""","""","""","""","""","""","""","""","""","""","""","""","""","""","""","""","""","""","""","""","""","""","""","""","""","""","""","""","""","""","""","""","""","""","""","""","""","""","""","""",""1"","
"India,""IND"",""Mammal species, threatened"",""EN.MAM.THRD.NO"","""","""","""","""","""","""","""","""","""","""","""","""","""","""","""","""","""","""","""","""","""","""","""","""","""","""","""","""","""","""","""","""","""","""","""","""","""","""","""","""","""","""","""","""","""","""","""","""","""","""","""","""","""","""","""",""93"","
"Not classified,""INX"",""Mammal species, threatened"",""EN.MAM.THRD.NO"","""","""","""","""","""","""","""","""","""","""","""","""","""","""","""","""","""","""","""","""","""","""","""","""","""","""","""","""","""","""","""","""","""","""","""","""","""","""","""","""","""","""","""","""","""","""","""","""","""","""","""","""","""","""","""","""","
"Ireland,""IRL"",""Mammal species, threatened"",""EN.MAM.THRD.NO"","""","""","""","""","""","""","""","""","""","""","""","""","""","""","""","""","""","""","""","""","""","""","""","""","""","""","""","""","""","""","""","""","""","""","""","""","""","""","""","""","""","""","""","""","""","""","""","""","""","""","""","""","""","""","""",""5"","
"Iran, Islamic Rep.,""IRN"",""Mammal species, threatened"",""EN.MAM.THRD.NO"","""","""","""","""","""","""","""","""","""","""","""","""","""","""","""","""","""","""","""","""","""","""","""","""","""","""","""","""","""","""","""","""","""","""","""","""","""","""","""","""","""","""","""","""","""","""","""","""","""","""","""","""","""","""","""",""16"","
"Iraq,""IRQ"",""Mammal species, threatened"",""EN.MAM.THRD.NO"","""","""","""","""","""","""","""","""","""","""","""","""","""","""","""","""","""","""","""","""","""","""","""","""","""","""","""","""","""","""","""","""","""","""","""","""","""","""","""","""","""","""","""","""","""","""","""","""","""","""","""","""","""","""","""",""13"","
"Iceland,""ISL"",""Mammal species, threatened"",""EN.MAM.THRD.NO"","""","""","""","""","""","""","""","""","""","""","""","""","""","""","""","""","""","""","""","""","""","""","""","""","""","""","""","""","""","""","""","""","""","""","""","""","""","""","""","""","""","""","""","""","""","""","""","""","""","""","""","""","""","""","""",""6"","
"Israel,""ISR"",""Mammal species, threatened"",""EN.MAM.THRD.NO"","""","""","""","""","""","""","""","""","""","""","""","""","""","""","""","""","""","""","""","""","""","""","""","""","""","""","""","""","""","""","""","""","""","""","""","""","""","""","""","""","""","""","""","""","""","""","""","""","""","""","""","""","""","""","""",""14"","
"Italy,""ITA"",""Mammal species, threatened"",""EN.MAM.THRD.NO"","""","""","""","""","""","""","""","""","""","""","""","""","""","""","""","""","""","""","""","""","""","""","""","""","""","""","""","""","""","""","""","""","""","""","""","""","""","""","""","""","""","""","""","""","""","""","""","""","""","""","""","""","""","""","""",""7"","
"Jamaica,""JAM"",""Mammal species, threatened"",""EN.MAM.THRD.NO"","""","""","""","""","""","""","""","""","""","""","""","""","""","""","""","""","""","""","""","""","""","""","""","""","""","""","""","""","""","""","""","""","""","""","""","""","""","""","""","""","""","""","""","""","""","""","""","""","""","""","""","""","""","""","""",""6"","
"Jordan,""JOR"",""Mammal species, threatened"",""EN.MAM.THRD.NO"","""","""","""","""","""","""","""","""","""","""","""","""","""","""","""","""","""","""","""","""","""","""","""","""","""","""","""","""","""","""","""","""","""","""","""","""","""","""","""","""","""","""","""","""","""","""","""","""","""","""","""","""","""","""","""",""12"","
"Japan,""JPN"",""Mammal species, threatened"",""EN.MAM.THRD.NO"","""","""","""","""","""","""","""","""","""","""","""","""","""","""","""","""","""","""","""","""","""","""","""","""","""","""","""","""","""","""","""","""","""","""","""","""","""","""","""","""","""","""","""","""","""","""","""","""","""","""","""","""","""","""","""",""27"","
"Kazakhstan,""KAZ"",""Mammal species, threatened"",""EN.MAM.THRD.NO"","""","""","""","""","""","""","""","""","""","""","""","""","""","""","""","""","""","""","""","""","""","""","""","""","""","""","""","""","""","""","""","""","""","""","""","""","""","""","""","""","""","""","""","""","""","""","""","""","""","""","""","""","""","""","""",""15"","
"Kenya,""KEN"",""Mammal species, threatened"",""EN.MAM.THRD.NO"","""","""","""","""","""","""","""","""","""","""","""","""","""","""","""","""","""","""","""","""","""","""","""","""","""","""","""","""","""","""","""","""","""","""","""","""","""","""","""","""","""","""","""","""","""","""","""","""","""","""","""","""","""","""","""",""30"","
"Kyrgyz Republic,""KGZ"",""Mammal species, threatened"",""EN.MAM.THRD.NO"","""","""","""","""","""","""","""","""","""","""","""","""","""","""","""","""","""","""","""","""","""","""","""","""","""","""","""","""","""","""","""","""","""","""","""","""","""","""","""","""","""","""","""","""","""","""","""","""","""","""","""","""","""","""","""",""5"","
"Cambodia,""KHM"",""Mammal species, threatened"",""EN.MAM.THRD.NO"","""","""","""","""","""","""","""","""","""","""","""","""","""","""","""","""","""","""","""","""","""","""","""","""","""","""","""","""","""","""","""","""","""","""","""","""","""","""","""","""","""","""","""","""","""","""","""","""","""","""","""","""","""","""","""",""36"","
"Kiribati,""KIR"",""Mammal species, threatened"",""EN.MAM.THRD.NO"","""","""","""","""","""","""","""","""","""","""","""","""","""","""","""","""","""","""","""","""","""","""","""","""","""","""","""","""","""","""","""","""","""","""","""","""","""","""","""","""","""","""","""","""","""","""","""","""","""","""","""","""","""","""","""",""1"","
"St. Kitts and Nevis,""KNA"",""Mammal species, threatened"",""EN.MAM.THRD.NO"","""","""","""","""","""","""","""","""","""","""","""","""","""","""","""","""","""","""","""","""","""","""","""","""","""","""","""","""","""","""","""","""","""","""","""","""","""","""","""","""","""","""","""","""","""","""","""","""","""","""","""","""","""","""","""",""2"","
"Korea, Rep.,""KOR"",""Mammal species, threatened"",""EN.MAM.THRD.NO"","""","""","""","""","""","""","""","""","""","""","""","""","""","""","""","""","""","""","""","""","""","""","""","""","""","""","""","""","""","""","""","""","""","""","""","""","""","""","""","""","""","""","""","""","""","""","""","""","""","""","""","""","""","""","""",""10"","
"Kosovo,""KSV"",""Mammal species, threatened"",""EN.MAM.THRD.NO"","""","""","""","""","""","""","""","""","""","""","""","""","""","""","""","""","""","""","""","""","""","""","""","""","""","""","""","""","""","""","""","""","""","""","""","""","""","""","""","""","""","""","""","""","""","""","""","""","""","""","""","""","""","""","""","""","
"Kuwait,""KWT"",""Mammal species, threatened"",""EN.MAM.THRD.NO"","""","""","""","""","""","""","""","""","""","""","""","""","""","""","""","""","""","""","""","""","""","""","""","""","""","""","""","""","""","""","""","""","""","""","""","""","""","""","""","""","""","""","""","""","""","""","""","""","""","""","""","""","""","""","""",""5"","
"Latin America & Caribbean (developing only),""LAC"",""Mammal species, threatened"",""EN.MAM.THRD.NO"","""","""","""","""","""","""","""","""","""","""","""","""","""","""","""","""","""","""","""","""","""","""","""","""","""","""","""","""","""","""","""","""","""","""","""","""","""","""","""","""","""","""","""","""","""","""","""","""","""","""","""","""","""","""","""",""504"","
"Lao PDR,""LAO"",""Mammal species, threatened"",""EN.MAM.THRD.NO"","""","""","""","""","""","""","""","""","""","""","""","""","""","""","""","""","""","""","""","""","""","""","""","""","""","""","""","""","""","""","""","""","""","""","""","""","""","""","""","""","""","""","""","""","""","""","""","""","""","""","""","""","""","""","""",""45"","
"Lebanon,""LBN"",""Mammal species, threatened"",""EN.MAM.THRD.NO"","""","""","""","""","""","""","""","""","""","""","""","""","""","""","""","""","""","""","""","""","""","""","""","""","""","""","""","""","""","""","""","""","""","""","""","""","""","""","""","""","""","""","""","""","""","""","""","""","""","""","""","""","""","""","""",""9"","
"Liberia,""LBR"",""Mammal species, threatened"",""EN.MAM.THRD.NO"","""","""","""","""","""","""","""","""","""","""","""","""","""","""","""","""","""","""","""","""","""","""","""","""","""","""","""","""","""","""","""","""","""","""","""","""","""","""","""","""","""","""","""","""","""","""","""","""","""","""","""","""","""","""","""",""24"","
"Libya,""LBY"",""Mammal species, threatened"",""EN.MAM.THRD.NO"","""","""","""","""","""","""","""","""","""","""","""","""","""","""","""","""","""","""","""","""","""","""","""","""","""","""","""","""","""","""","""","""","""","""","""","""","""","""","""","""","""","""","""","""","""","""","""","""","""","""","""","""","""","""","""",""11"","
"St. Lucia,""LCA"",""Mammal species, threatened"",""EN.MAM.THRD.NO"","""","""","""","""","""","""","""","""","""","""","""","""","""","""","""","""","""","""","""","""","""","""","""","""","""","""","""","""","""","""","""","""","""","""","""","""","""","""","""","""","""","""","""","""","""","""","""","""","""","""","""","""","""","""","""",""2"","
"Latin America & Caribbean (all income levels),""LCN"",""Mammal species, threatened"",""EN.MAM.THRD.NO"","""","""","""","""","""","""","""","""","""","""","""","""","""","""","""","""","""","""","""","""","""","""","""","""","""","""","""","""","""","""","""","""","""","""","""","""","""","""","""","""","""","""","""","""","""","""","""","""","""","""","""","""","""","""","""",""640"","
"Least developed countries: UN classification,""LDC"",""Mammal species, threatened"",""EN.MAM.THRD.NO"","""","""","""","""","""","""","""","""","""","""","""","""","""","""","""","""","""","""","""","""","""","""","""","""","""","""","""","""","""","""","""","""","""","""","""","""","""","""","""","""","""","""","""","""","""","""","""","""","""","""","""","""","""","""","""",""904"","
"Low income,""LIC"",""Mammal species, threatened"",""EN.MAM.THRD.NO"","""","""","""","""","""","""","""","""","""","""","""","""","""","""","""","""","""","""","""","""","""","""","""","""","""","""","""","""","""","""","""","""","""","""","""","""","""","""","""","""","""","""","""","""","""","""","""","""","""","""","""","""","""","""","""",""623"","
"Liechtenstein,""LIE"",""Mammal species, threatened"",""EN.MAM.THRD.NO"","""","""","""","""","""","""","""","""","""","""","""","""","""","""","""","""","""","""","""","""","""","""","""","""","""","""","""","""","""","""","""","""","""","""","""","""","""","""","""","""","""","""","""","""","""","""","""","""","""","""","""","""","""","""","""",""0"","
"Sri Lanka,""LKA"",""Mammal species, threatened"",""EN.MAM.THRD.NO"","""","""","""","""","""","""","""","""","""","""","""","""","""","""","""","""","""","""","""","""","""","""","""","""","""","""","""","""","""","""","""","""","""","""","""","""","""","""","""","""","""","""","""","""","""","""","""","""","""","""","""","""","""","""","""",""30"","
"Lower middle income,""LMC"",""Mammal species, threatened"",""EN.MAM.THRD.NO"","""","""","""","""","""","""","""","""","""","""","""","""","""","""","""","""","""","""","""","""","""","""","""","""","""","""","""","""","""","""","""","""","""","""","""","""","""","""","""","""","""","""","""","""","""","""","""","""","""","""","""","""","""","""","""",""1079"","
"Low & middle income,""LMY"",""Mammal species, threatened"",""EN.MAM.THRD.NO"","""","""","""","""","""","""","""","""","""","""","""","""","""","""","""","""","""","""","""","""","""","""","""","""","""","""","""","""","""","""","""","""","""","""","""","""","""","""","""","""","""","""","""","""","""","""","""","""","""","""","""","""","""","""","""",""2618"","
"Lesotho,""LSO"",""Mammal species, threatened"",""EN.MAM.THRD.NO"","""","""","""","""","""","""","""","""","""","""","""","""","""","""","""","""","""","""","""","""","""","""","""","""","""","""","""","""","""","""","""","""","""","""","""","""","""","""","""","""","""","""","""","""","""","""","""","""","""","""","""","""","""","""","""",""2"","
"Lithuania,""LTU"",""Mammal species, threatened"",""EN.MAM.THRD.NO"","""","""","""","""","""","""","""","""","""","""","""","""","""","""","""","""","""","""","""","""","""","""","""","""","""","""","""","""","""","""","""","""","""","""","""","""","""","""","""","""","""","""","""","""","""","""","""","""","""","""","""","""","""","""","""",""2"","
"Luxembourg,""LUX"",""Mammal species, threatened"",""EN.MAM.THRD.NO"","""","""","""","""","""","""","""","""","""","""","""","""","""","""","""","""","""","""","""","""","""","""","""","""","""","""","""","""","""","""","""","""","""","""","""","""","""","""","""","""","""","""","""","""","""","""","""","""","""","""","""","""","""","""","""",""0"","
"Latvia,""LVA"",""Mammal species, threatened"",""EN.MAM.THRD.NO"","""","""","""","""","""","""","""","""","""","""","""","""","""","""","""","""","""","""","""","""","""","""","""","""","""","""","""","""","""","""","""","""","""","""","""","""","""","""","""","""","""","""","""","""","""","""","""","""","""","""","""","""","""","""","""",""1"","
"Macao SAR, China,""MAC"",""Mammal species, threatened"",""EN.MAM.THRD.NO"","""","""","""","""","""","""","""","""","""","""","""","""","""","""","""","""","""","""","""","""","""","""","""","""","""","""","""","""","""","""","""","""","""","""","""","""","""","""","""","""","""","""","""","""","""","""","""","""","""","""","""","""","""","""","""",""0"","
"St. Martin (French part),""MAF"",""Mammal species, threatened"",""EN.MAM.THRD.NO"","""","""","""","""","""","""","""","""","""","""","""","""","""","""","""","""","""","""","""","""","""","""","""","""","""","""","""","""","""","""","""","""","""","""","""","""","""","""","""","""","""","""","""","""","""","""","""","""","""","""","""","""","""","""","""",""2"","
"Morocco,""MAR"",""Mammal species, threatened"",""EN.MAM.THRD.NO"","""","""","""","""","""","""","""","""","""","""","""","""","""","""","""","""","""","""","""","""","""","""","""","""","""","""","""","""","""","""","""","""","""","""","""","""","""","""","""","""","""","""","""","""","""","""","""","""","""","""","""","""","""","""","""",""16"","
"Monaco,""MCO"",""Mammal species, threatened"",""EN.MAM.THRD.NO"","""","""","""","""","""","""","""","""","""","""","""","""","""","""","""","""","""","""","""","""","""","""","""","""","""","""","""","""","""","""","""","""","""","""","""","""","""","""","""","""","""","""","""","""","""","""","""","""","""","""","""","""","""","""","""",""2"","
"Moldova,""MDA"",""Mammal species, threatened"",""EN.MAM.THRD.NO"","""","""","""","""","""","""","""","""","""","""","""","""","""","""","""","""","""","""","""","""","""","""","""","""","""","""","""","""","""","""","""","""","""","""","""","""","""","""","""","""","""","""","""","""","""","""","""","""","""","""","""","""","""","""","""",""4"","
"Madagascar,""MDG"",""Mammal species, threatened"",""EN.MAM.THRD.NO"","""","""","""","""","""","""","""","""","""","""","""","""","""","""","""","""","""","""","""","""","""","""","""","""","""","""","""","""","""","""","""","""","""","""","""","""","""","""","""","""","""","""","""","""","""","""","""","""","""","""","""","""","""","""","""",""119"","
"Maldives,""MDV"",""Mammal species, threatened"",""EN.MAM.THRD.NO"","""","""","""","""","""","""","""","""","""","""","""","""","""","""","""","""","""","""","""","""","""","""","""","""","""","""","""","""","""","""","""","""","""","""","""","""","""","""","""","""","""","""","""","""","""","""","""","""","""","""","""","""","""","""","""",""2"","
"Middle East & North Africa (all income levels),""MEA"",""Mammal species, threatened"",""EN.MAM.THRD.NO"","""","""","""","""","""","""","""","""","""","""","""","""","""","""","""","""","""","""","""","""","""","""","""","""","""","""","""","""","""","""","""","""","""","""","""","""","""","""","""","""","""","""","""","""","""","""","""","""","""","""","""","""","""","""","""",""203"","
"Mexico,""MEX"",""Mammal species, threatened"",""EN.MAM.THRD.NO"","""","""","""","""","""","""","""","""","""","""","""","""","""","""","""","""","""","""","""","""","""","""","""","""","""","""","""","""","""","""","""","""","""","""","""","""","""","""","""","""","""","""","""","""","""","""","""","""","""","""","""","""","""","""","""",""101"","
"Marshall Islands,""MHL"",""Mammal species, threatened"",""EN.MAM.THRD.NO"","""","""","""","""","""","""","""","""","""","""","""","""","""","""","""","""","""","""","""","""","""","""","""","""","""","""","""","""","""","""","""","""","""","""","""","""","""","""","""","""","""","""","""","""","""","""","""","""","""","""","""","""","""","""","""",""2"","
"Middle income,""MIC"",""Mammal species, threatened"",""EN.MAM.THRD.NO"","""","""","""","""","""","""","""","""","""","""","""","""","""","""","""","""","""","""","""","""","""","""","""","""","""","""","""","""","""","""","""","""","""","""","""","""","""","""","""","""","""","""","""","""","""","""","""","""","""","""","""","""","""","""","""",""1995"","
"Macedonia, FYR,""MKD"",""Mammal species, threatened"",""EN.MAM.THRD.NO"","""","""","""","""","""","""","""","""","""","""","""","""","""","""","""","""","""","""","""","""","""","""","""","""","""","""","""","""","""","""","""","""","""","""","""","""","""","""","""","""","""","""","""","""","""","""","""","""","""","""","""","""","""","""","""",""5"","
"Mali,""MLI"",""Mammal species, threatened"",""EN.MAM.THRD.NO"","""","""","""","""","""","""","""","""","""","""","""","""","""","""","""","""","""","""","""","""","""","""","""","""","""","""","""","""","""","""","""","""","""","""","""","""","""","""","""","""","""","""","""","""","""","""","""","""","""","""","""","""","""","""","""",""12"","
"Malta,""MLT"",""Mammal species, threatened"",""EN.MAM.THRD.NO"","""","""","""","""","""","""","""","""","""","""","""","""","""","""","""","""","""","""","""","""","""","""","""","""","""","""","""","""","""","""","""","""","""","""","""","""","""","""","""","""","""","""","""","""","""","""","""","""","""","""","""","""","""","""","""",""2"","
"Myanmar,""MMR"",""Mammal species, threatened"",""EN.MAM.THRD.NO"","""","""","""","""","""","""","""","""","""","""","""","""","""","""","""","""","""","""","""","""","""","""","""","""","""","""","""","""","""","""","""","""","""","""","""","""","""","""","""","""","""","""","""","""","""","""","""","""","""","""","""","""","""","""","""",""46"","
"Middle East & North Africa (developing only),""MNA"",""Mammal species, threatened"",""EN.MAM.THRD.NO"","""","""","""","""","""","""","""","""","""","""","""","""","""","""","""","""","""","""","""","""","""","""","""","""","""","""","""","""","""","""","""","""","""","""","""","""","""","""","""","""","""","""","""","""","""","""","""","""","""","""","""","""","""","""","""",""152"","
"Montenegro,""MNE"",""Mammal species, threatened"",""EN.MAM.THRD.NO"","""","""","""","""","""","""","""","""","""","""","""","""","""","""","""","""","""","""","""","""","""","""","""","""","""","""","""","""","""","""","""","""","""","""","""","""","""","""","""","""","""","""","""","""","""","""","""","""","""","""","""","""","""","""","""",""6"","
"Mongolia,""MNG"",""Mammal species, threatened"",""EN.MAM.THRD.NO"","""","""","""","""","""","""","""","""","""","""","""","""","""","""","""","""","""","""","""","""","""","""","""","""","""","""","""","""","""","""","""","""","""","""","""","""","""","""","""","""","""","""","""","""","""","""","""","""","""","""","""","""","""","""","""",""10"","
"Northern Mariana Islands,""MNP"",""Mammal species, threatened"",""EN.MAM.THRD.NO"","""","""","""","""","""","""","""","""","""","""","""","""","""","""","""","""","""","""","""","""","""","""","""","""","""","""","""","""","""","""","""","""","""","""","""","""","""","""","""","""","""","""","""","""","""","""","""","""","""","""","""","""","""","""","""",""4"","
"Mozambique,""MOZ"",""Mammal species, threatened"",""EN.MAM.THRD.NO"","""","""","""","""","""","""","""","""","""","""","""","""","""","""","""","""","""","""","""","""","""","""","""","""","""","""","""","""","""","""","""","""","""","""","""","""","""","""","""","""","""","""","""","""","""","""","""","""","""","""","""","""","""","""","""",""13"","
"Mauritania,""MRT"",""Mammal species, threatened"",""EN.MAM.THRD.NO"","""","""","""","""","""","""","""","""","""","""","""","""","""","""","""","""","""","""","""","""","""","""","""","""","""","""","""","""","""","""","""","""","""","""","""","""","""","""","""","""","""","""","""","""","""","""","""","""","""","""","""","""","""","""","""",""16"","
"Mauritius,""MUS"",""Mammal species, threatened"",""EN.MAM.THRD.NO"","""","""","""","""","""","""","""","""","""","""","""","""","""","""","""","""","""","""","""","""","""","""","""","""","""","""","""","""","""","""","""","""","""","""","""","""","""","""","""","""","""","""","""","""","""","""","""","""","""","""","""","""","""","""","""",""7"","
"Malawi,""MWI"",""Mammal species, threatened"",""EN.MAM.THRD.NO"","""","""","""","""","""","""","""","""","""","""","""","""","""","""","""","""","""","""","""","""","""","""","""","""","""","""","""","""","""","""","""","""","""","""","""","""","""","""","""","""","""","""","""","""","""","""","""","""","""","""","""","""","""","""","""",""8"","
"Malaysia,""MYS"",""Mammal species, threatened"",""EN.MAM.THRD.NO"","""","""","""","""","""","""","""","""","""","""","""","""","""","""","""","""","""","""","""","""","""","""","""","""","""","""","""","""","""","""","""","""","""","""","""","""","""","""","""","""","""","""","""","""","""","""","""","""","""","""","""","""","""","""","""",""70"","
"North America,""NAC"",""Mammal species, threatened"",""EN.MAM.THRD.NO"","""","""","""","""","""","""","""","""","""","""","""","""","""","""","""","""","""","""","""","""","""","""","""","""","""","""","""","""","""","""","""","""","""","""","""","""","""","""","""","""","""","""","""","""","""","""","""","""","""","""","""","""","""","""","""",""50"","
"Namibia,""NAM"",""Mammal species, threatened"",""EN.MAM.THRD.NO"","""","""","""","""","""","""","""","""","""","""","""","""","""","""","""","""","""","""","""","""","""","""","""","""","""","""","""","""","""","""","""","""","""","""","""","""","""","""","""","""","""","""","""","""","""","""","""","""","""","""","""","""","""","""","""",""13"","
"New Caledonia,""NCL"",""Mammal species, threatened"",""EN.MAM.THRD.NO"","""","""","""","""","""","""","""","""","""","""","""","""","""","""","""","""","""","""","""","""","""","""","""","""","""","""","""","""","""","""","""","""","""","""","""","""","""","""","""","""","""","""","""","""","""","""","""","""","""","""","""","""","""","""","""",""9"","
"Niger,""NER"",""Mammal species, threatened"",""EN.MAM.THRD.NO"","""","""","""","""","""","""","""","""","""","""","""","""","""","""","""","""","""","""","""","""","""","""","""","""","""","""","""","""","""","""","""","""","""","""","""","""","""","""","""","""","""","""","""","""","""","""","""","""","""","""","""","""","""","""","""",""12"","
"Nigeria,""NGA"",""Mammal species, threatened"",""EN.MAM.THRD.NO"","""","""","""","""","""","""","""","""","""","""","""","""","""","""","""","""","""","""","""","""","""","""","""","""","""","""","""","""","""","""","""","""","""","""","""","""","""","""","""","""","""","""","""","""","""","""","""","""","""","""","""","""","""","""","""",""29"","
"Nicaragua,""NIC"",""Mammal species, threatened"",""EN.MAM.THRD.NO"","""","""","""","""","""","""","""","""","""","""","""","""","""","""","""","""","""","""","""","""","""","""","""","""","""","""","""","""","""","""","""","""","""","""","""","""","""","""","""","""","""","""","""","""","""","""","""","""","""","""","""","""","""","""","""",""7"","
"Netherlands,""NLD"",""Mammal species, threatened"",""EN.MAM.THRD.NO"","""","""","""","""","""","""","""","""","""","""","""","""","""","""","""","""","""","""","""","""","""","""","""","""","""","""","""","""","""","""","""","""","""","""","""","""","""","""","""","""","""","""","""","""","""","""","""","""","""","""","""","""","""","""","""",""3"","
"High income: nonOECD,""NOC"",""Mammal species, threatened"",""EN.MAM.THRD.NO"","""","""","""","""","""","""","""","""","""","""","""","""","""","""","""","""","""","""","""","""","""","""","""","""","""","""","""","""","""","""","""","""","""","""","""","""","""","""","""","""","""","""","""","""","""","""","""","""","""","""","""","""","""","""","""",""320"","
"Norway,""NOR"",""Mammal species, threatened"",""EN.MAM.THRD.NO"","""","""","""","""","""","""","""","""","""","""","""","""","""","""","""","""","""","""","""","""","""","""","""","""","""","""","""","""","""","""","""","""","""","""","""","""","""","""","""","""","""","""","""","""","""","""","""","""","""","""","""","""","""","""","""",""7"","
"Nepal,""NPL"",""Mammal species, threatened"",""EN.MAM.THRD.NO"","""","""","""","""","""","""","""","""","""","""","""","""","""","""","""","""","""","""","""","""","""","""","""","""","""","""","""","""","""","""","""","""","""","""","""","""","""","""","""","""","""","""","""","""","""","""","""","""","""","""","""","""","""","""","""",""31"","
"New Zealand,""NZL"",""Mammal species, threatened"",""EN.MAM.THRD.NO"","""","""","""","""","""","""","""","""","""","""","""","""","""","""","""","""","""","""","""","""","""","""","""","""","""","""","""","""","""","""","""","""","""","""","""","""","""","""","""","""","""","""","""","""","""","""","""","""","""","""","""","""","""","""","""",""9"","
"High income: OECD,""OEC"",""Mammal species, threatened"",""EN.MAM.THRD.NO"","""","""","""","""","""","""","""","""","""","""","""","""","""","""","""","""","""","""","""","""","""","""","""","""","""","""","""","""","""","""","""","""","""","""","""","""","""","""","""","""","""","""","""","""","""","""","""","""","""","""","""","""","""","""","""",""293"","
"OECD members,""OED"",""Mammal species, threatened"",""EN.MAM.THRD.NO"","""","""","""","""","""","""","""","""","""","""","""","""","""","""","""","""","""","""","""","""","""","""","""","""","""","""","""","""","""","""","""","""","""","""","""","""","""","""","""","""","""","""","""","""","""","""","""","""","""","""","""","""","""","""","""",""410"","
"Oman,""OMN"",""Mammal species, threatened"",""EN.MAM.THRD.NO"","""","""","""","""","""","""","""","""","""","""","""","""","""","""","""","""","""","""","""","""","""","""","""","""","""","""","""","""","""","""","""","""","""","""","""","""","""","""","""","""","""","""","""","""","""","""","""","""","""","""","""","""","""","""","""",""9"","
"Other small states,""OSS"",""Mammal species, threatened"",""EN.MAM.THRD.NO"","""","""","""","""","""","""","""","""","""","""","""","""","""","""","""","""","""","""","""","""","""","""","""","""","""","""","""","""","""","""","""","""","""","""","""","""","""","""","""","""","""","""","""","""","""","""","""","""","""","""","""","""","""","""","""",""166"","
"Pakistan,""PAK"",""Mammal species, threatened"",""EN.MAM.THRD.NO"","""","""","""","""","""","""","""","""","""","""","""","""","""","""","""","""","""","""","""","""","""","""","""","""","""","""","""","""","""","""","""","""","""","""","""","""","""","""","""","""","""","""","""","""","""","""","""","""","""","""","""","""","""","""","""",""24"","
"Panama,""PAN"",""Mammal species, threatened"",""EN.MAM.THRD.NO"","""","""","""","""","""","""","""","""","""","""","""","""","""","""","""","""","""","""","""","""","""","""","""","""","""","""","""","""","""","""","""","""","""","""","""","""","""","""","""","""","""","""","""","""","""","""","""","""","""","""","""","""","""","""","""",""16"","
"Peru,""PER"",""Mammal species, threatened"",""EN.MAM.THRD.NO"","""","""","""","""","""","""","""","""","""","""","""","""","""","""","""","""","""","""","""","""","""","""","""","""","""","""","""","""","""","""","""","""","""","""","""","""","""","""","""","""","""","""","""","""","""","""","""","""","""","""","""","""","""","""","""",""55"","
"Philippines,""PHL"",""Mammal species, threatened"",""EN.MAM.THRD.NO"","""","""","""","""","""","""","""","""","""","""","""","""","""","""","""","""","""","""","""","""","""","""","""","""","""","""","""","""","""","""","""","""","""","""","""","""","""","""","""","""","""","""","""","""","""","""","""","""","""","""","""","""","""","""","""",""39"","
"Palau,""PLW"",""Mammal species, threatened"",""EN.MAM.THRD.NO"","""","""","""","""","""","""","""","""","""","""","""","""","""","""","""","""","""","""","""","""","""","""","""","""","""","""","""","""","""","""","""","""","""","""","""","""","""","""","""","""","""","""","""","""","""","""","""","""","""","""","""","""","""","""","""",""4"","
"Papua New Guinea,""PNG"",""Mammal species, threatened"",""EN.MAM.THRD.NO"","""","""","""","""","""","""","""","""","""","""","""","""","""","""","""","""","""","""","""","""","""","""","""","""","""","""","""","""","""","""","""","""","""","""","""","""","""","""","""","""","""","""","""","""","""","""","""","""","""","""","""","""","""","""","""",""39"","
"Poland,""POL"",""Mammal species, threatened"",""EN.MAM.THRD.NO"","""","""","""","""","""","""","""","""","""","""","""","""","""","""","""","""","""","""","""","""","""","""","""","""","""","""","""","""","""","""","""","""","""","""","""","""","""","""","""","""","""","""","""","""","""","""","""","""","""","""","""","""","""","""","""",""4"","
"Puerto Rico,""PRI"",""Mammal species, threatened"",""EN.MAM.THRD.NO"","""","""","""","""","""","""","""","""","""","""","""","""","""","""","""","""","""","""","""","""","""","""","""","""","""","""","""","""","""","""","""","""","""","""","""","""","""","""","""","""","""","""","""","""","""","""","""","""","""","""","""","""","""","""","""",""3"","
"Korea, Dem. Rep.,""PRK"",""Mammal species, threatened"",""EN.MAM.THRD.NO"","""","""","""","""","""","""","""","""","""","""","""","""","""","""","""","""","""","""","""","""","""","""","""","""","""","""","""","""","""","""","""","""","""","""","""","""","""","""","""","""","""","""","""","""","""","""","""","""","""","""","""","""","""","""","""",""9"","
"Portugal,""PRT"",""Mammal species, threatened"",""EN.MAM.THRD.NO"","""","""","""","""","""","""","""","""","""","""","""","""","""","""","""","""","""","""","""","""","""","""","""","""","""","""","""","""","""","""","""","""","""","""","""","""","""","""","""","""","""","""","""","""","""","""","""","""","""","""","""","""","""","""","""",""12"","
"Paraguay,""PRY"",""Mammal species, threatened"",""EN.MAM.THRD.NO"","""","""","""","""","""","""","""","""","""","""","""","""","""","""","""","""","""","""","""","""","""","""","""","""","""","""","""","""","""","""","""","""","""","""","""","""","""","""","""","""","""","""","""","""","""","""","""","""","""","""","""","""","""","""","""",""10"","
"Pacific island small states,""PSS"",""Mammal species, threatened"",""EN.MAM.THRD.NO"","""","""","""","""","""","""","""","""","""","""","""","""","""","""","""","""","""","""","""","""","""","""","""","""","""","""","""","""","""","""","""","""","""","""","""","""","""","""","""","""","""","""","""","""","""","""","""","""","""","""","""","""","""","""","""",""50"","
"French Polynesia,""PYF"",""Mammal species, threatened"",""EN.MAM.THRD.NO"","""","""","""","""","""","""","""","""","""","""","""","""","""","""","""","""","""","""","""","""","""","""","""","""","""","""","""","""","""","""","""","""","""","""","""","""","""","""","""","""","""","""","""","""","""","""","""","""","""","""","""","""","""","""","""",""0"","
"Qatar,""QAT"",""Mammal species, threatened"",""EN.MAM.THRD.NO"","""","""","""","""","""","""","""","""","""","""","""","""","""","""","""","""","""","""","""","""","""","""","""","""","""","""","""","""","""","""","""","""","""","""","""","""","""","""","""","""","""","""","""","""","""","""","""","""","""","""","""","""","""","""","""",""2"","
"Romania,""ROU"",""Mammal species, threatened"",""EN.MAM.THRD.NO"","""","""","""","""","""","""","""","""","""","""","""","""","""","""","""","""","""","""","""","""","""","""","""","""","""","""","""","""","""","""","""","""","""","""","""","""","""","""","""","""","""","""","""","""","""","""","""","""","""","""","""","""","""","""","""",""7"","
"Russian Federation,""RUS"",""Mammal species, threatened"",""EN.MAM.THRD.NO"","""","""","""","""","""","""","""","""","""","""","""","""","""","""","""","""","""","""","""","""","""","""","""","""","""","""","""","""","""","""","""","""","""","""","""","""","""","""","""","""","""","""","""","""","""","""","""","""","""","""","""","""","""","""","""",""29"","
"Rwanda,""RWA"",""Mammal species, threatened"",""EN.MAM.THRD.NO"","""","""","""","""","""","""","""","""","""","""","""","""","""","""","""","""","""","""","""","""","""","""","""","""","""","""","""","""","""","""","""","""","""","""","""","""","""","""","""","""","""","""","""","""","""","""","""","""","""","""","""","""","""","""","""",""23"","
"South Asia,""SAS"",""Mammal species, threatened"",""EN.MAM.THRD.NO"","""","""","""","""","""","""","""","""","""","""","""","""","""","""","""","""","""","""","""","""","""","""","""","""","""","""","""","""","""","""","""","""","""","""","""","""","""","""","""","""","""","""","""","""","""","""","""","""","""","""","""","""","""","""","""",""249"","
"Saudi Arabia,""SAU"",""Mammal species, threatened"",""EN.MAM.THRD.NO"","""","""","""","""","""","""","""","""","""","""","""","""","""","""","""","""","""","""","""","""","""","""","""","""","""","""","""","""","""","""","""","""","""","""","""","""","""","""","""","""","""","""","""","""","""","""","""","""","""","""","""","""","""","""","""",""9"","
"Sudan,""SDN"",""Mammal species, threatened"",""EN.MAM.THRD.NO"","""","""","""","""","""","""","""","""","""","""","""","""","""","""","""","""","""","""","""","""","""","""","""","""","""","""","""","""","""","""","""","""","""","""","""","""","""","""","""","""","""","""","""","""","""","""","""","""","""","""","""","""","""","""","""",""12"","
"Senegal,""SEN"",""Mammal species, threatened"",""EN.MAM.THRD.NO"","""","""","""","""","""","""","""","""","""","""","""","""","""","""","""","""","""","""","""","""","""","""","""","""","""","""","""","""","""","""","""","""","""","""","""","""","""","""","""","""","""","""","""","""","""","""","""","""","""","""","""","""","""","""","""",""17"","
"Singapore,""SGP"",""Mammal species, threatened"",""EN.MAM.THRD.NO"","""","""","""","""","""","""","""","""","""","""","""","""","""","""","""","""","""","""","""","""","""","""","""","""","""","""","""","""","""","""","""","""","""","""","""","""","""","""","""","""","""","""","""","""","""","""","""","""","""","""","""","""","""","""","""",""12"","
"Solomon Islands,""SLB"",""Mammal species, threatened"",""EN.MAM.THRD.NO"","""","""","""","""","""","""","""","""","""","""","""","""","""","""","""","""","""","""","""","""","""","""","""","""","""","""","""","""","""","""","""","""","""","""","""","""","""","""","""","""","""","""","""","""","""","""","""","""","""","""","""","""","""","""","""",""20"","
"Sierra Leone,""SLE"",""Mammal species, threatened"",""EN.MAM.THRD.NO"","""","""","""","""","""","""","""","""","""","""","""","""","""","""","""","""","""","""","""","""","""","""","""","""","""","""","""","""","""","""","""","""","""","""","""","""","""","""","""","""","""","""","""","""","""","""","""","""","""","""","""","""","""","""","""",""22"","
"El Salvador,""SLV"",""Mammal species, threatened"",""EN.MAM.THRD.NO"","""","""","""","""","""","""","""","""","""","""","""","""","""","""","""","""","""","""","""","""","""","""","""","""","""","""","""","""","""","""","""","""","""","""","""","""","""","""","""","""","""","""","""","""","""","""","""","""","""","""","""","""","""","""","""",""7"","
"San Marino,""SMR"",""Mammal species, threatened"",""EN.MAM.THRD.NO"","""","""","""","""","""","""","""","""","""","""","""","""","""","""","""","""","""","""","""","""","""","""","""","""","""","""","""","""","""","""","""","""","""","""","""","""","""","""","""","""","""","""","""","""","""","""","""","""","""","""","""","""","""","""","""",""0"","
"Somalia,""SOM"",""Mammal species, threatened"",""EN.MAM.THRD.NO"","""","""","""","""","""","""","""","""","""","""","""","""","""","""","""","""","""","""","""","""","""","""","""","""","""","""","""","""","""","""","""","""","""","""","""","""","""","""","""","""","""","""","""","""","""","""","""","""","""","""","""","""","""","""","""",""13"","
"Serbia,""SRB"",""Mammal species, threatened"",""EN.MAM.THRD.NO"","""","""","""","""","""","""","""","""","""","""","""","""","""","""","""","""","""","""","""","""","""","""","""","""","""","""","""","""","""","""","""","""","""","""","""","""","""","""","""","""","""","""","""","""","""","""","""","""","""","""","""","""","""","""","""",""6"","
"Sub-Saharan Africa (developing only),""SSA"",""Mammal species, threatened"",""EN.MAM.THRD.NO"","""","""","""","""","""","""","""","""","""","""","""","""","""","""","""","""","""","""","""","""","""","""","""","""","""","""","""","""","""","""","""","""","""","""","""","""","""","""","""","""","""","""","""","""","""","""","""","""","""","""","""","""","""","""","""",""862"","
"South Sudan,""SSD"",""Mammal species, threatened"",""EN.MAM.THRD.NO"","""","""","""","""","""","""","""","""","""","""","""","""","""","""","""","""","""","""","""","""","""","""","""","""","""","""","""","""","""","""","""","""","""","""","""","""","""","""","""","""","""","""","""","""","""","""","""","""","""","""","""","""","""","""","""",""9"","
"Sub-Saharan Africa (all income levels),""SSF"",""Mammal species, threatened"",""EN.MAM.THRD.NO"","""","""","""","""","""","""","""","""","""","""","""","""","""","""","""","""","""","""","""","""","""","""","""","""","""","""","""","""","""","""","""","""","""","""","""","""","""","""","""","""","""","""","""","""","""","""","""","""","""","""","""","""","""","""","""",""891"","
"Small states,""SST"",""Mammal species, threatened"",""EN.MAM.THRD.NO"","""","""","""","""","""","""","""","""","""","""","""","""","""","""","""","""","""","""","""","""","""","""","""","""","""","""","""","""","""","""","""","""","""","""","""","""","""","""","""","""","""","""","""","""","""","""","""","""","""","""","""","""","""","""","""",""276"","
"Sao Tome and Principe,""STP"",""Mammal species, threatened"",""EN.MAM.THRD.NO"","""","""","""","""","""","""","""","""","""","""","""","""","""","""","""","""","""","""","""","""","""","""","""","""","""","""","""","""","""","""","""","""","""","""","""","""","""","""","""","""","""","""","""","""","""","""","""","""","""","""","""","""","""","""","""",""5"","
"Suriname,""SUR"",""Mammal species, threatened"",""EN.MAM.THRD.NO"","""","""","""","""","""","""","""","""","""","""","""","""","""","""","""","""","""","""","""","""","""","""","""","""","""","""","""","""","""","""","""","""","""","""","""","""","""","""","""","""","""","""","""","""","""","""","""","""","""","""","""","""","""","""","""",""9"","
"Slovak Republic,""SVK"",""Mammal species, threatened"",""EN.MAM.THRD.NO"","""","""","""","""","""","""","""","""","""","""","""","""","""","""","""","""","""","""","""","""","""","""","""","""","""","""","""","""","""","""","""","""","""","""","""","""","""","""","""","""","""","""","""","""","""","""","""","""","""","""","""","""","""","""","""",""3"","
"Slovenia,""SVN"",""Mammal species, threatened"",""EN.MAM.THRD.NO"","""","""","""","""","""","""","""","""","""","""","""","""","""","""","""","""","""","""","""","""","""","""","""","""","""","""","""","""","""","""","""","""","""","""","""","""","""","""","""","""","""","""","""","""","""","""","""","""","""","""","""","""","""","""","""",""5"","
"Sweden,""SWE"",""Mammal species, threatened"",""EN.MAM.THRD.NO"","""","""","""","""","""","""","""","""","""","""","""","""","""","""","""","""","""","""","""","""","""","""","""","""","""","""","""","""","""","""","""","""","""","""","""","""","""","""","""","""","""","""","""","""","""","""","""","""","""","""","""","""","""","""","""",""1"","
"Swaziland,""SWZ"",""Mammal species, threatened"",""EN.MAM.THRD.NO"","""","""","""","""","""","""","""","""","""","""","""","""","""","""","""","""","""","""","""","""","""","""","""","""","""","""","""","""","""","""","""","""","""","""","""","""","""","""","""","""","""","""","""","""","""","""","""","""","""","""","""","""","""","""","""",""7"","
"Sint Maarten (Dutch part),""SXM"",""Mammal species, threatened"",""EN.MAM.THRD.NO"","""","""","""","""","""","""","""","""","""","""","""","""","""","""","""","""","""","""","""","""","""","""","""","""","""","""","""","""","""","""","""","""","""","""","""","""","""","""","""","""","""","""","""","""","""","""","""","""","""","""","""","""","""","""","""",""2"","
"Seychelles,""SYC"",""Mammal species, threatened"",""EN.MAM.THRD.NO"","""","""","""","""","""","""","""","""","""","""","""","""","""","""","""","""","""","""","""","""","""","""","""","""","""","""","""","""","""","""","""","""","""","""","""","""","""","""","""","""","""","""","""","""","""","""","""","""","""","""","""","""","""","""","""",""6"","
"Syrian Arab Republic,""SYR"",""Mammal species, threatened"",""EN.MAM.THRD.NO"","""","""","""","""","""","""","""","""","""","""","""","""","""","""","""","""","""","""","""","""","""","""","""","""","""","""","""","""","""","""","""","""","""","""","""","""","""","""","""","""","""","""","""","""","""","""","""","""","""","""","""","""","""","""","""",""15"","
"Turks and Caicos Islands,""TCA"",""Mammal species, threatened"",""EN.MAM.THRD.NO"","""","""","""","""","""","""","""","""","""","""","""","""","""","""","""","""","""","""","""","""","""","""","""","""","""","""","""","""","""","""","""","""","""","""","""","""","""","""","""","""","""","""","""","""","""","""","""","""","""","""","""","""","""","""","""",""2"","
"Chad,""TCD"",""Mammal species, threatened"",""EN.MAM.THRD.NO"","""","""","""","""","""","""","""","""","""","""","""","""","""","""","""","""","""","""","""","""","""","""","""","""","""","""","""","""","""","""","""","""","""","""","""","""","""","""","""","""","""","""","""","""","""","""","""","""","""","""","""","""","""","""","""",""14"","
"Togo,""TGO"",""Mammal species, threatened"",""EN.MAM.THRD.NO"","""","""","""","""","""","""","""","""","""","""","""","""","""","""","""","""","""","""","""","""","""","""","""","""","""","""","""","""","""","""","""","""","""","""","""","""","""","""","""","""","""","""","""","""","""","""","""","""","""","""","""","""","""","""","""",""11"","
"Thailand,""THA"",""Mammal species, threatened"",""EN.MAM.THRD.NO"","""","""","""","""","""","""","""","""","""","""","""","""","""","""","""","""","""","""","""","""","""","""","""","""","""","""","""","""","""","""","""","""","""","""","""","""","""","""","""","""","""","""","""","""","""","""","""","""","""","""","""","""","""","""","""",""54"","
"Tajikistan,""TJK"",""Mammal species, threatened"",""EN.MAM.THRD.NO"","""","""","""","""","""","""","""","""","""","""","""","""","""","""","""","""","""","""","""","""","""","""","""","""","""","""","""","""","""","""","""","""","""","""","""","""","""","""","""","""","""","""","""","""","""","""","""","""","""","""","""","""","""","""","""",""6"","
"Turkmenistan,""TKM"",""Mammal species, threatened"",""EN.MAM.THRD.NO"","""","""","""","""","""","""","""","""","""","""","""","""","""","""","""","""","""","""","""","""","""","""","""","""","""","""","""","""","""","""","""","""","""","""","""","""","""","""","""","""","""","""","""","""","""","""","""","""","""","""","""","""","""","""","""",""8"","
"Timor-Leste,""TLS"",""Mammal species, threatened"",""EN.MAM.THRD.NO"","""","""","""","""","""","""","""","""","""","""","""","""","""","""","""","""","""","""","""","""","""","""","""","""","""","""","""","""","""","""","""","""","""","""","""","""","""","""","""","""","""","""","""","""","""","""","""","""","""","""","""","""","""","""","""",""4"","
"Tonga,""TON"",""Mammal species, threatened"",""EN.MAM.THRD.NO"","""","""","""","""","""","""","""","""","""","""","""","""","""","""","""","""","""","""","""","""","""","""","""","""","""","""","""","""","""","""","""","""","""","""","""","""","""","""","""","""","""","""","""","""","""","""","""","""","""","""","""","""","""","""","""",""2"","
"Trinidad and Tobago,""TTO"",""Mammal species, threatened"",""EN.MAM.THRD.NO"","""","""","""","""","""","""","""","""","""","""","""","""","""","""","""","""","""","""","""","""","""","""","""","""","""","""","""","""","""","""","""","""","""","""","""","""","""","""","""","""","""","""","""","""","""","""","""","""","""","""","""","""","""","""","""",""2"","
"Tunisia,""TUN"",""Mammal species, threatened"",""EN.MAM.THRD.NO"","""","""","""","""","""","""","""","""","""","""","""","""","""","""","""","""","""","""","""","""","""","""","""","""","""","""","""","""","""","""","""","""","""","""","""","""","""","""","""","""","""","""","""","""","""","""","""","""","""","""","""","""","""","""","""",""13"","
"Turkey,""TUR"",""Mammal species, threatened"",""EN.MAM.THRD.NO"","""","""","""","""","""","""","""","""","""","""","""","""","""","""","""","""","""","""","""","""","""","""","""","""","""","""","""","""","""","""","""","""","""","""","""","""","""","""","""","""","""","""","""","""","""","""","""","""","""","""","""","""","""","""","""",""16"","
"Tuvalu,""TUV"",""Mammal species, threatened"",""EN.MAM.THRD.NO"","""","""","""","""","""","""","""","""","""","""","""","""","""","""","""","""","""","""","""","""","""","""","""","""","""","""","""","""","""","""","""","""","""","""","""","""","""","""","""","""","""","""","""","""","""","""","""","""","""","""","""","""","""","""","""",""1"","
"Tanzania,""TZA"",""Mammal species, threatened"",""EN.MAM.THRD.NO"","""","""","""","""","""","""","""","""","""","""","""","""","""","""","""","""","""","""","""","""","""","""","""","""","""","""","""","""","""","""","""","""","""","""","""","""","""","""","""","""","""","""","""","""","""","""","""","""","""","""","""","""","""","""","""",""38"","
"Uganda,""UGA"",""Mammal species, threatened"",""EN.MAM.THRD.NO"","""","""","""","""","""","""","""","""","""","""","""","""","""","""","""","""","""","""","""","""","""","""","""","""","""","""","""","""","""","""","""","""","""","""","""","""","""","""","""","""","""","""","""","""","""","""","""","""","""","""","""","""","""","""","""",""27"","
"Ukraine,""UKR"",""Mammal species, threatened"",""EN.MAM.THRD.NO"","""","""","""","""","""","""","""","""","""","""","""","""","""","""","""","""","""","""","""","""","""","""","""","""","""","""","""","""","""","""","""","""","""","""","""","""","""","""","""","""","""","""","""","""","""","""","""","""","""","""","""","""","""","""","""",""9"","
"Upper middle income,""UMC"",""Mammal species, threatened"",""EN.MAM.THRD.NO"","""","""","""","""","""","""","""","""","""","""","""","""","""","""","""","""","""","""","""","""","""","""","""","""","""","""","""","""","""","""","""","""","""","""","""","""","""","""","""","""","""","""","""","""","""","""","""","""","""","""","""","""","""","""","""",""916"","
"Uruguay,""URY"",""Mammal species, threatened"",""EN.MAM.THRD.NO"","""","""","""","""","""","""","""","""","""","""","""","""","""","""","""","""","""","""","""","""","""","""","""","""","""","""","""","""","""","""","""","""","""","""","""","""","""","""","""","""","""","""","""","""","""","""","""","""","""","""","""","""","""","""","""",""10"","
"United States,""USA"",""Mammal species, threatened"",""EN.MAM.THRD.NO"","""","""","""","""","""","""","""","""","""","""","""","""","""","""","""","""","""","""","""","""","""","""","""","""","""","""","""","""","""","""","""","""","""","""","""","""","""","""","""","""","""","""","""","""","""","""","""","""","""","""","""","""","""","""","""",""35"","
"Uzbekistan,""UZB"",""Mammal species, threatened"",""EN.MAM.THRD.NO"","""","""","""","""","""","""","""","""","""","""","""","""","""","""","""","""","""","""","""","""","""","""","""","""","""","""","""","""","""","""","""","""","""","""","""","""","""","""","""","""","""","""","""","""","""","""","""","""","""","""","""","""","""","""","""",""9"","
"St. Vincent and the Grenadines,""VCT"",""Mammal species, threatened"",""EN.MAM.THRD.NO"","""","""","""","""","""","""","""","""","""","""","""","""","""","""","""","""","""","""","""","""","""","""","""","""","""","""","""","""","""","""","""","""","""","""","""","""","""","""","""","""","""","""","""","""","""","""","""","""","""","""","""","""","""","""","""",""2"","
"Venezuela, RB,""VEN"",""Mammal species, threatened"",""EN.MAM.THRD.NO"","""","""","""","""","""","""","""","""","""","""","""","""","""","""","""","""","""","""","""","""","""","""","""","""","""","""","""","""","""","""","""","""","""","""","""","""","""","""","""","""","""","""","""","""","""","""","""","""","""","""","""","""","""","""","""",""34"","
"Virgin Islands (U.S.),""VIR"",""Mammal species, threatened"",""EN.MAM.THRD.NO"","""","""","""","""","""","""","""","""","""","""","""","""","""","""","""","""","""","""","""","""","""","""","""","""","""","""","""","""","""","""","""","""","""","""","""","""","""","""","""","""","""","""","""","""","""","""","""","""","""","""","""","""","""","""","""",""2"","
"Vietnam,""VNM"",""Mammal species, threatened"",""EN.MAM.THRD.NO"","""","""","""","""","""","""","""","""","""","""","""","""","""","""","""","""","""","""","""","""","""","""","""","""","""","""","""","""","""","""","""","""","""","""","""","""","""","""","""","""","""","""","""","""","""","""","""","""","""","""","""","""","""","""","""",""54"","
"Vanuatu,""VUT"",""Mammal species, threatened"",""EN.MAM.THRD.NO"","""","""","""","""","""","""","""","""","""","""","""","""","""","""","""","""","""","""","""","""","""","""","""","""","""","""","""","""","""","""","""","""","""","""","""","""","""","""","""","""","""","""","""","""","""","""","""","""","""","""","""","""","""","""","""",""7"","
"West Bank and Gaza,""PSE"",""Mammal species, threatened"",""EN.MAM.THRD.NO"","""","""","""","""","""","""","""","""","""","""","""","""","""","""","""","""","""","""","""","""","""","""","""","""","""","""","""","""","""","""","""","""","""","""","""","""","""","""","""","""","""","""","""","""","""","""","""","""","""","""","""","""","""","""","""",""3"","
"World,""WLD"",""Mammal species, threatened"",""EN.MAM.THRD.NO"","""","""","""","""","""","""","""","""","""","""","""","""","""","""","""","""","""","""","""","""","""","""","""","""","""","""","""","""","""","""","""","""","""","""","""","""","""","""","""","""","""","""","""","""","""","""","""","""","""","""","""","""","""","""","""",""3309"","
"Samoa,""WSM"",""Mammal species, threatened"",""EN.MAM.THRD.NO"","""","""","""","""","""","""","""","""","""","""","""","""","""","""","""","""","""","""","""","""","""","""","""","""","""","""","""","""","""","""","""","""","""","""","""","""","""","""","""","""","""","""","""","""","""","""","""","""","""","""","""","""","""","""","""",""2"","
"Yemen, Rep.,""YEM"",""Mammal species, threatened"",""EN.MAM.THRD.NO"","""","""","""","""","""","""","""","""","""","""","""","""","""","""","""","""","""","""","""","""","""","""","""","""","""","""","""","""","""","""","""","""","""","""","""","""","""","""","""","""","""","""","""","""","""","""","""","""","""","""","""","""","""","""","""",""8"","
"South Africa,""ZAF"",""Mammal species, threatened"",""EN.MAM.THRD.NO"","""","""","""","""","""","""","""","""","""","""","""","""","""","""","""","""","""","""","""","""","""","""","""","""","""","""","""","""","""","""","""","""","""","""","""","""","""","""","""","""","""","""","""","""","""","""","""","""","""","""","""","""","""","""","""",""25"","
"Congo, Dem. Rep.,""COD"",""Mammal species, threatened"",""EN.MAM.THRD.NO"","""","""","""","""","""","""","""","""","""","""","""","""","""","""","""","""","""","""","""","""","""","""","""","""","""","""","""","""","""","""","""","""","""","""","""","""","""","""","""","""","""","""","""","""","""","""","""","""","""","""","""","""","""","""","""",""35"","
"Zambia,""ZMB"",""Mammal species, threatened"",""EN.MAM.THRD.NO"","""","""","""","""","""","""","""","""","""","""","""","""","""","""","""","""","""","""","""","""","""","""","""","""","""","""","""","""","""","""","""","""","""","""","""","""","""","""","""","""","""","""","""","""","""","""","""","""","""","""","""","""","""","""","""",""11"","
"Zimbabwe,""ZWE"",""Mammal species, threatened"",""EN.MAM.THRD.NO"","""","""","""","""","""","""","""","""","""","""","""","""","""","""","""","""","""","""","""","""","""","""","""","""","""","""","""","""","""","""","""","""","""","""","""","""","""","""","""","""","""","""","""","""","""","""","""","""","""","""","""","""","""","""","""",""10"","
